{"stats":{"minecraft:mined":{"minecraft:grass":7,"minecraft:tall_grass":1},"minecraft:custom":{"minecraft:jump":128,"minecraft:time_since_rest":1651,"minecraft:crouch_one_cm":9,"minecraft:leave_game":1,"minecraft:sprint_one_cm":19555,"minecraft:play_time":9738,"minecraft:time_since_death":9738,"minecraft:walk_one_cm":13569,"minecraft:sleep_in_bed":1,"minecraft:sneak_time":15,"minecraft:total_world_time":9738,"minecraft:drop":1,"minecraft:fall_one_cm":4029,"minecraft:fly_one_cm":40119},"minecraft:picked_up":{"minecraft:wheat_seeds":1},"minecraft:dropped":{"minecraft:wheat_seeds":1}},"DataVersion":3120}