{"stats":{"minecraft:mined":{"minecraft:grass":4,"minecraft:tall_grass":3,"minecraft:oak_log":7},"minecraft:custom":{"minecraft:jump":35,"minecraft:time_since_rest":1651,"minecraft:crouch_one_cm":1311,"minecraft:sprint_one_cm":7249,"minecraft:play_time":8253,"minecraft:time_since_death":8253,"minecraft:walk_one_cm":14198,"minecraft:sleep_in_bed":1,"minecraft:sneak_time":346,"minecraft:total_world_time":8253,"minecraft:fall_one_cm":1672,"minecraft:fly_one_cm":11443},"minecraft:picked_up":{"minecraft:oak_log":7},"minecraft:crafted":{"minecraft:oak_planks":24},"minecraft:used":{"minecraft:oak_log":1}},"DataVersion":3120}