{"stats":{"minecraft:killed_by":{"iceandfire:cyclops":1,"minecraft:creeper":1,"iceandfire:fire_dragon":2},"minecraft:crafted":{"minecraft:black_dye":3,"minecraft:light_gray_concrete_powder":8,"minecraft:oak_planks":150,"minecraft:lightning_rod":14,"ironfurnaces:iron_furnace":6,"minecraft:bookshelf":32,"minecraft:gray_wool":4,"iceandfire:armor_copper_metal_boots":3,"minecraft:glass":6,"iceandfire:copper_axe":1,"minecraft:bow":7,"minecraft:iron_boots":2,"iceandfire:armor_copper_metal_chestplate":1,"minecraft:chest":2,"minecraft:copper_block":137,"minecraft:glass_bottle":6,"minecraft:item_frame":10,"minecraft:cauldron":6,"minecraft:cooked_porkchop":8,"enchantinginfuser:enchanting_infuser":1,"minecraft:crafting_table":1,"minecraft:spruce_planks":76,"minecraft:iron_helmet":2,"minecraft:baked_potato":181,"iceandfire:armor_red_chestplate":1,"minecraft:copper_ingot":589,"minecraft:gold_block":50,"minecraft:paper":189,"minecraft:iron_chestplate":2,"minecraft:book":63,"mining_helmet:mining_helmet":1,"minecraft:diamond_pickaxe":2,"minecraft:stick":56,"minecraft:iron_ingot":261,"minecraft:iron_pickaxe":8,"minecraft:andesite_stairs":16,"minecraft:iron_block":68,"minecraft:gold_ingot":256,"minecraft:light_gray_dye":1,"minecraft:polished_andesite":328,"ironfurnaces:gold_furnace":6,"minecraft:iron_nugget":432,"iceandfire:armor_copper_metal_leggings":2,"minecraft:gray_dye":6,"minecraft:bone_meal":254,"minecraft:diamond_block":2,"iceandfire:armor_copper_metal_helmet":2,"minecraft:lantern":17,"minecraft:polished_diorite":188,"minecraft:leather":0,"minecraft:iron_axe":1,"minecraft:iron_hoe":1,"minecraft:spruce_slab":18,"iceandfire:armor_red_leggings":1,"minecraft:stone_pickaxe":1,"minecraft:redstone_block":66,"iceandfire:armor_red_boots":1,"cgm:workbench":1,"iceandfire:podium_spruce":4,"minecraft:cooked_beef":147,"minecraft:coal_block":85,"minecraft:red_dye":1,"ironchest:gold_chest":4,"ironchest:wood_to_iron_chest_upgrade":12,"iceandfire:silver_ingot":32,"minecraft:enchanting_table":1,"iceandfire:silver_block":4,"minecraft:bucket":4,"minecraft:stone_axe":1,"minecraft:air":0,"iceandfire:armor_red_helmet":1,"minecraft:oak_boat":1,"ironchest:iron_to_gold_chest_upgrade":8,"minecraft:wooden_axe":1,"minecraft:anvil":1,"minecraft:white_bed":1,"minecraft:torch":196,"minecraft:lapis_block":110},"minecraft:killed":{"treasure2:cardboard_box_mimic":1,"minecraft:cave_spider":1,"minecraft:witch":1,"minecraft:spider":30,"minecraft:skeleton":92,"alexsmobs:centipede_head":1,"minecraft:piglin":8,"minecraft:pig":3,"alexsmobs:grizzly_bear":1,"minecraft:salmon":3,"alexsmobs:seal":1,"minecraft:creeper":50,"alexsmobs:crimson_mosquito":19,"minecraft:zombie":101,"minecraft:ghast":2,"minecraft:glow_squid":1,"minecraft:cow":4,"mca:male_zombie_villager":1,"alexsmobs:seagull":9,"minecraft:horse":5,"iceandfire:fire_dragon":1,"minecraft:drowned":2,"alexsmobs:bison":47,"treasure2:bound_soul":4,"iceandfire:cyclops":1,"minecraft:bat":1,"minecraft:hoglin":4,"minecraft:squid":8,"alexsmobs:cockroach":1,"iceandfire:ghost":13,"unusualprehistory:sludge":2,"iceandfire:ice_dragon":1,"alexsmobs:crow":8,"minecraft:enderman":1},"minecraft:dropped":{"minecraft:oak_pressure_plate":1,"minecraft:cooked_beef":1,"minecraft:baked_potato":66,"minecraft:cracked_stone_bricks":1,"minecraft:emerald":1,"minecraft:dirt":38,"minecraft:cornflower":2,"iceandfire:armor_copper_metal_boots":1,"minecraft:chain":4,"minecraft:bone_meal":167,"minecraft:iron_pickaxe":3,"minecraft:music_disc_stal":1,"minecraft:bone":17,"minecraft:goat_horn":1,"minecraft:cobbled_deepslate":64,"alexsmobs:crocodile_egg":1,"minecraft:rotten_flesh":30,"minecraft:azure_bluet":3,"minecraft:white_bed":1,"easyhammers:obsidian_hammer":1,"minecraft:poppy":2,"cgm:basic_bullet":86,"iceandfire:bestiary":1,"iceandfire:armor_copper_metal_leggings":1,"minecraft:enchanted_book":1,"minecraft:iron_ingot":119,"spartanshields:iron_tower_shield":1,"minecraft:wheat_seeds":15,"minecraft:iron_helmet":1,"minecraft:cobblestone":32,"minecraft:lead":2,"minecraft:granite":15,"minecraft:copper_ingot":7,"minecraft:iron_block":50,"tombstone:magic_scroll":1,"cgm:weighted_stock":1,"minecraft:torch":137,"tombstone:grave_dust":4,"minecraft:iron_shovel":2,"minecraft:string":1,"minecraft:spruce_sapling":3,"minecraft:dandelion":4,"minecraft:redstone":1,"cgm:specialised_grip":1,"minecraft:tuff":1,"minecraft:iron_boots":1,"iceandfire:dragon_skull_ice":1,"iceandfire:armor_copper_metal_helmet":1,"minecraft:pumpkin_seeds":28,"iceandfire:chared_cobblestone":1,"minecraft:diamond_pickaxe":3,"minecraft:iron_chestplate":1,"minecraft:andesite":7,"minecraft:spider_eye":3,"minecraft:stone_bricks":1,"minecraft:brown_carpet":1,"minecraft:sandstone":5},"minecraft:broken":{"minecraft:stone_pickaxe":1,"minecraft:stone_axe":1,"minecraft:wooden_axe":1,"iceandfire:armor_copper_metal_helmet":1,"iceandfire:copper_axe":1,"minecraft:iron_axe":1,"minecraft:iron_pickaxe":4},"minecraft:custom":{"minecraft:interact_with_crafting_table":126,"minecraft:bell_ring":2,"minecraft:leave_game":19,"minecraft:time_since_death":407173,"minecraft:sprint_one_cm":2104987,"minecraft:damage_blocked_by_shield":1013,"minecraft:drop":90,"minecraft:talked_to_villager":1,"minecraft:play_time":982131,"minecraft:deaths":5,"minecraft:jump":13789,"minecraft:interact_with_brewingstand":2,"minecraft:walk_on_water_one_cm":154933,"minecraft:enchant_item":3,"minecraft:interact_with_furnace":207,"minecraft:sleep_in_bed":14,"minecraft:waystone_activated":6,"minecraft:damage_dealt":11721,"minecraft:crouch_one_cm":103543,"tombstone:undead_killed":213,"minecraft:use_cauldron":2,"minecraft:inspect_dispenser":1,"minecraft:horse_one_cm":1080,"minecraft:interact_with_smithing_table":2,"minecraft:interact_with_anvil":3,"minecraft:mob_kills":431,"minecraft:fill_cauldron":1,"minecraft:climb_one_cm":3626,"minecraft:walk_one_cm":1800499,"minecraft:sneak_time":43792,"minecraft:walk_under_water_one_cm":100928,"minecraft:boat_one_cm":106579,"minecraft:total_world_time":982131,"tombstone:raider_killed":1,"minecraft:interact_with_stonecutter":3,"minecraft:interact_with_grindstone":1,"minecraft:time_since_rest":46711,"minecraft:damage_taken":11620,"minecraft:trigger_trapped_chest":6,"minecraft:minecart_one_cm":802,"minecraft:swim_one_cm":333759,"minecraft:fly_one_cm":2596344,"minecraft:open_chest":1213,"minecraft:fall_one_cm":355379},"minecraft:mined":{"minecraft:white_bed":2,"minecraft:oak_sapling":2,"unusualprehistory:stone_amber_ore":8,"minecraft:obsidian":24,"minecraft:granite":18,"unusualprehistory:deepslate_opal_ore":21,"minecraft:grass_block":29,"unusualprehistory:deepslate_fossil":1,"unusualprehistory:plant_fossil":19,"iceandfire:lectern":1,"minecraft:oak_pressure_plate":1,"minecraft:polished_diorite":11,"minecraft:magma_block":14,"minecraft:glowstone":22,"minecraft:fire":1,"minecraft:iron_ore":259,"minecraft:cobbled_deepslate":26,"minecraft:deepslate_lapis_ore":74,"minecraft:enchanting_table":2,"minecraft:skeleton_wall_skull":1,"iceandfire:gold_pile":91,"minecraft:light_gray_concrete":8,"iceandfire:chared_cobblestone":14,"minecraft:deepslate_redstone_ore":112,"minecraft:crimson_nylium":10,"minecraft:torch":16,"minecraft:poppy":4,"iceandfire:frozen_dirt":1,"minecraft:nether_quartz_ore":242,"minecraft:cobblestone":72,"minecraft:sugar_cane":147,"minecraft:wall_torch":45,"minecraft:deepslate_copper_ore":127,"minecraft:skeleton_skull":1,"unusualprehistory:stone_fossil":16,"minecraft:grass":61,"minecraft:oak_log":232,"minecraft:sand":21,"minecraft:dirt":71,"minecraft:dispenser":1,"minecraft:netherrack":372,"minecraft:deepslate":549,"minecraft:oak_leaves":4,"minecraft:nether_gold_ore":18,"minecraft:crying_obsidian":6,"minecraft:tuff":33,"iceandfire:silver_ore":31,"minecraft:mossy_cobblestone":3,"minecraft:deepslate_diamond_ore":19,"treasure2:wood_chest":1,"iceandfire:frozen_cobblestone":2,"iceandfire:frozen_stone":2,"minecraft:redstone_wire":1,"iceandfire:deepslate_silver_ore":8,"minecraft:spruce_leaves":1,"iceandfire:dragon_ice":5,"minecraft:sandstone":1,"treasure2:deepslate_topaz_ore":1,"minecraft:large_fern":2,"minecraft:redstone_ore":11,"minecraft:furnace":7,"minecraft:andesite":235,"minecraft:gold_block":2,"treasure2:crystal_skull_chest":1,"minecraft:potatoes":264,"minecraft:vine":2,"minecraft:deepslate_iron_ore":162,"minecraft:lantern":10,"ironchest:iron_chest":7,"minecraft:stone":863,"minecraft:podzol":2,"unusualprehistory:deepslate_plant_fossil":4,"minecraft:potted_lily_of_the_valley":1,"minecraft:brown_carpet":2,"minecraft:dandelion":2,"unusualprehistory:stone_opal_ore":1,"iceandfire:frozen_gravel":2,"minecraft:crafting_table":4,"minecraft:light_gray_concrete_powder":1,"minecraft:lightning_rod":2,"minecraft:copper_ore":603,"minecraft:tall_grass":1,"minecraft:deepslate_coal_ore":3,"minecraft:deepslate_gold_ore":108,"minecraft:lapis_ore":16,"minecraft:diorite":154,"treasure2:cardboard_box":1,"minecraft:air":40,"minecraft:ice":1,"globalxp:xp_block":1,"minecraft:spruce_log":65,"minecraft:birch_leaves":2,"iceandfire:silver_pile":27,"minecraft:coal_ore":726,"minecraft:gravel":7,"minecraft:dripstone_block":6,"minecraft:cracked_stone_bricks":1,"minecraft:polished_andesite":20,"minecraft:stone_bricks":1,"minecraft:gold_ore":18},"minecraft:picked_up":{"cgm:basic_bullet":10560,"unusualprehistory:amber_shard":7,"minecraft:flower_pot":1,"minecraft:lead":2,"iceandfire:armor_copper_metal_chestplate":2,"minecraft:brown_bed":1,"minecraft:enchanted_book":5,"minecraft:string":26,"minecraft:raw_copper":3207,"minecraft:iron_leggings":1,"alexsmobs:blood_sac":11,"minecraft:cobbled_deepslate":637,"minecraft:gold_nugget":1139,"cgm:short_scope":1,"unusualprehistory:plant_fossil_item":40,"minecraft:iron_pickaxe":5,"alexsmobs:raccoon_tail":1,"iceandfire:frozen_gravel":2,"iceandfire:dragonscales_red":35,"minecraft:furnace":7,"minecraft:iron_boots":1,"minecraft:golden_helmet":1,"minecraft:stick":96,"iceandfire:armor_copper_metal_leggings":1,"minecraft:torch":149,"minecraft:acacia_log":5,"iceandfire:silver_ore":31,"minecraft:porkchop":17,"minecraft:lightning_rod":2,"minecraft:pointed_dripstone":1,"tombstone:grave_dust":22,"minecraft:diorite":158,"minecraft:golden_chestplate":1,"alexsmobs:centipede_leg":2,"minecraft:goat_horn":2,"minecraft:brown_carpet":3,"minecraft:stone_sword":1,"minecraft:honey_bottle":1,"minecraft:rotten_flesh":109,"iceandfire:fire_dragon_heart":1,"minecraft:blue_dye":1,"minecraft:obsidian":24,"minecraft:cobblestone":946,"minecraft:enchanting_table":2,"minecraft:magma_block":14,"minecraft:feather":17,"minecraft:cooked_beef":3,"minecraft:andesite":232,"minecraft:potato":1113,"alexsmobs:bear_fur":2,"alexsmobs:bison_fur":50,"minecraft:flint":3,"minecraft:tuff":28,"minecraft:light_gray_dye":1,"alexsmobs:rocky_shell":1,"minecraft:lapis_lazuli":849,"minecraft:dirt":173,"minecraft:lantern":10,"treasure2:crystal_skull_chest":1,"minecraft:glass":3,"minecraft:bone":137,"minecraft:bow":7,"minecraft:wheat_seeds":24,"minecraft:raw_gold":159,"minecraft:glowstone_dust":75,"minecraft:oak_planks":57,"spartanshields:iron_tower_shield":2,"minecraft:cooked_porkchop":2,"alexsmobs:crocodile_egg":1,"minecraft:oak_pressure_plate":1,"minecraft:poisonous_potato":11,"iceandfire:dragon_skull_fire":8,"minecraft:sand":627,"minecraft:ink_sac":31,"minecraft:lily_of_the_valley":1,"iceandfire:frozen_dirt":1,"alexsmobs:animal_dictionary":2,"minecraft:mossy_cobblestone":3,"iceandfire:chared_cobblestone":14,"treasure2:thiefs_lock_pick":1,"minecraft:bundle":1,"minecraft:iron_hoe":1,"minecraft:light_gray_concrete":8,"minecraft:polished_andesite":20,"minecraft:dispenser":1,"minecraft:diamond":21,"iceandfire:lectern":1,"waystones:waystone":3,"iceandfire:dragon_ice":5,"minecraft:granite":23,"minecraft:crossbow":1,"treasure2:cardboard_box":1,"minecraft:bone_meal":2,"minecraft:oak_sapling":119,"minecraft:netherrack":357,"iceandfire:silver_nugget":270,"minecraft:diamond_pickaxe":3,"minecraft:crafting_table":4,"minecraft:azure_bluet":3,"minecraft:chicken":1,"easyhammers:obsidian_hammer":1,"minecraft:clay_ball":1,"minecraft:leather_leggings":1,"treasure2:topaz":1,"minecraft:gold_block":1,"iceandfire:frozen_cobblestone":1,"minecraft:chain":4,"minecraft:brick":1,"minecraft:cornflower":2,"unusualprehistory:opal_chunk":35,"iceandfire:frozen_stone":2,"minecraft:item_frame":3,"minecraft:iron_shovel":2,"treasure2:copper_rapier":1,"cgm:weighted_stock":2,"minecraft:cracked_stone_bricks":1,"unusualprehistory:paleo_fossil":1,"minecraft:beef":329,"minecraft:oak_boat":3,"minecraft:poppy":6,"minecraft:sugar_cane":264,"globalxp:xp_block":1,"minecraft:egg":6,"unusualprehistory:tar_fossil_item":8,"minecraft:raw_iron":628,"minecraft:sandstone":6,"iceandfire:dragonbone":12,"minecraft:stone":24,"minecraft:oak_door":4,"minecraft:copper_ingot":7,"ironchest:iron_chest":7,"minecraft:cookie":2,"iceandfire:armor_copper_metal_boots":1,"minecraft:carrot":1,"minecraft:redstone":583,"treasure2:wood_chest":1,"iceandfire:dragon_skull_ice":1,"minecraft:arrow":86,"iceandfire:cyclops_eye":1,"minecraft:stone_shovel":1,"spartanshields:copper_tower_shield":2,"cgm:assault_rifle":1,"minecraft:shears":2,"unusualprehistory:opal_fossil":2,"minecraft:saddle":2,"iceandfire:deepslate_silver_ore":6,"minecraft:mutton":4,"minecraft:skeleton_skull":5,"minecraft:white_wool":8,"minecraft:glow_ink_sac":7,"minecraft:salmon":3,"minecraft:leather":13,"minecraft:music_disc_stal":2,"minecraft:crimson_fungus":1,"minecraft:oak_log":316,"iceandfire:ectoplasm":4,"minecraft:golden_boots":1,"minecraft:gunpowder":52,"mca:book_romance":1,"alexsmobs:mosquito_proboscis":2,"tombstone:gift":1,"minecraft:apple":11,"minecraft:stone_bricks":1,"minecraft:iron_ingot":19,"minecraft:stone_pickaxe":1,"tombstone:bag_of_seeds":1,"treasure2:ember_lock":1,"minecraft:quartz":532,"minecraft:dandelion":5,"minecraft:dripstone_block":6,"minecraft:gravel":5,"cgm:specialised_grip":3,"minecraft:spruce_sapling":34,"minecraft:white_bed":2,"minecraft:spruce_log":181,"minecraft:crying_obsidian":6,"minecraft:spider_eye":10,"treasure2:copper_coin":3,"minecraft:pumpkin_seeds":14,"treasure2:silver_coin":3,"minecraft:polished_diorite":11,"minecraft:stone_axe":1,"minecraft:iron_helmet":1,"treasure2:ember_key":2,"minecraft:baked_potato":84,"tombstone:magic_scroll":11,"minecraft:black_wool":1,"unusualprehistory:encyclopedia":1,"unusualprehistory:amber_fossil":5,"minecraft:coal":1233,"minecraft:pink_dye":1,"unusualprehistory:mezo_fossil":29,"minecraft:ender_pearl":1},"minecraft:used":{"iceandfire:lectern":1,"treasure2:wood_chest":1,"minecraft:chest":2,"minecraft:stone":13,"alexsmobs:medium_catfish_bucket":1,"ironchest:iron_chest":3,"minecraft:tuff":9,"minecraft:obsidian":12,"treasure2:crystal_skull_chest":1,"minecraft:lava_bucket":2,"minecraft:lantern":26,"minecraft:item_frame":10,"minecraft:magma_block":2,"minecraft:brown_carpet":2,"minecraft:oak_sapling":66,"minecraft:furnace":1,"minecraft:skeleton_skull":3,"minecraft:egg":1,"minecraft:potato":340,"minecraft:diorite":4,"minecraft:oak_planks":28,"minecraft:stone_pickaxe":132,"minecraft:sandstone":1,"easyhammers:obsidian_hammer":3,"minecraft:sugar_cane":21,"iceandfire:podium_spruce":3,"minecraft:sand":29,"minecraft:dripstone_block":4,"minecraft:lightning_rod":16,"minecraft:bread":7,"ironchest:iron_to_gold_chest_upgrade":8,"minecraft:gravel":1,"iceandfire:chared_cobblestone":13,"cgm:assault_rifle":2769,"unusualprehistory:encyclopedia":1,"globalxp:xp_block":1,"iceandfire:dragon_skull_fire":9,"minecraft:andesite":36,"minecraft:oak_boat":3,"minecraft:bone_meal":72,"ironchest:wood_to_iron_chest_upgrade":12,"ironfurnaces:gold_furnace":6,"minecraft:enchanting_table":2,"minecraft:stone_shovel":37,"minecraft:redstone":1,"minecraft:netherrack":84,"minecraft:cooked_chicken":10,"minecraft:oak_door":4,"minecraft:torch":148,"iceandfire:armor_copper_metal_boots":1,"minecraft:anvil":1,"minecraft:brewing_stand":1,"minecraft:dirt":179,"cgm:workbench":1,"cgm:rifle":1,"minecraft:granite":25,"minecraft:polished_diorite":175,"minecraft:iron_hoe":69,"minecraft:wooden_axe":66,"minecraft:bookshelf":32,"minecraft:iron_axe":169,"iceandfire:copper_axe":152,"iceandfire:armor_copper_metal_helmet":1,"ironchest:gold_chest":4,"tombstone:gift":3,"minecraft:cooked_beef":44,"minecraft:cobbled_deepslate":244,"minecraft:pointed_dripstone":6,"minecraft:brown_bed":1,"minecraft:water_bucket":150,"minecraft:bundle":1,"minecraft:lead":1,"minecraft:baked_potato":177,"minecraft:polished_andesite":344,"minecraft:cauldron":6,"spartanshields:iron_tower_shield":5,"minecraft:mossy_cobblestone":2,"treasure2:cardboard_box":1,"minecraft:crafting_table":4,"minecraft:white_bed":1,"minecraft:light_gray_concrete_powder":8,"minecraft:spruce_log":1,"minecraft:oak_log":3,"tombstone:bag_of_seeds":2,"minecraft:diamond_pickaxe":4091,"minecraft:apple":6,"spartanshields:copper_tower_shield":24,"minecraft:iron_pickaxe":1075,"tombstone:magic_scroll":5,"minecraft:spruce_sapling":5,"minecraft:stone_axe":185,"enchantinginfuser:enchanting_infuser":1,"minecraft:cobblestone":216,"minecraft:cooked_porkchop":2,"minecraft:andesite_stairs":16,"minecraft:bucket":160}},"DataVersion":3120}