{"stats":{"minecraft:killed_by":{"iceandfire:cyclops":1,"minecraft:creeper":2,"iceandfire:fire_dragon":3},"minecraft:crafted":{"minecraft:oak_planks":332,"globalxp:xp_block":1,"minecraft:cooked_chicken":10,"spartanshields:wooden_tower_shield":4,"usefulbackpacks:backpack_small":2,"minecraft:stone":2,"minecraft:iron_bars":16,"iceandfire:armor_copper_metal_chestplate":2,"minecraft:chest":16,"minecraft:oak_button":1,"minecraft:oak_fence":3,"treasure2:treasure_tool":2,"minecraft:cooked_porkchop":3,"minecraft:crafting_table":9,"spartanshields:iron_tower_shield":2,"minecraft:wooden_pickaxe":1,"minecraft:baked_potato":174,"minecraft:brown_bed":1,"minecraft:copper_ingot":81,"minecraft:stick":52,"usefulbackpacks:backpack_large":3,"minecraft:iron_ingot":126,"minecraft:iron_pickaxe":2,"minecraft:stone_sword":3,"minecraft:gold_ingot":23,"minecraft:light_gray_dye":1,"easyhammers:stone_hammer":1,"minecraft:shears":2,"minecraft:oak_door":3,"minecraft:stone_shovel":3,"minecraft:iron_nugget":9,"minecraft:furnace":27,"minecraft:bone_meal":30,"minecraft:pink_dye":2,"minecraft:leather":22,"spartanshields:copper_tower_shield":2,"minecraft:stone_pickaxe":6,"usefulbackpacks:backpack_medium":2,"minecraft:cooked_beef":83,"minecraft:red_dye":1,"minecraft:iron_sword":2,"minecraft:bucket":1,"minecraft:stone_axe":2,"minecraft:air":0,"treasure2:pilferers_lock_pick":4,"minecraft:blue_dye":1,"minecraft:white_wool":4,"minecraft:white_dye":6,"minecraft:brown_wool":3,"minecraft:iron_leggings":1,"minecraft:white_bed":1,"minecraft:torch":48},"minecraft:killed":{"alexsmobs:lobster":1,"minecraft:cave_spider":3,"minecraft:witch":1,"minecraft:spider":18,"minecraft:skeleton":37,"minecraft:chicken":16,"minecraft:skeleton_horse":1,"minecraft:pig":17,"minecraft:iron_golem":1,"minecraft:creeper":29,"minecraft:sheep":29,"minecraft:pillager":5,"minecraft:zombie":54,"alexsmobs:cachalot_whale":1,"alexsmobs:fly":2,"minecraft:cow":20,"mca:male_zombie_villager":1,"alexsmobs:raccoon":1,"alexsmobs:seagull":1,"alexsmobs:blue_jay":1,"iceandfire:fire_dragon":3,"iceandfire:siren":2,"alexsmobs:bison":11,"alexsmobs:rocky_roller":1,"treasure2:bound_soul":2,"minecraft:bat":1,"iceandfire:ghost":22,"unusualprehistory:sludge":1,"alexsmobs:crow":2},"minecraft:dropped":{"minecraft:cooked_beef":2,"minecraft:baked_potato":16,"minecraft:cooked_porkchop":2,"minecraft:sand":298,"minecraft:iron_pickaxe":1,"minecraft:white_wool":4,"usefulbackpacks:backpack_large":1,"minecraft:goat_horn":1,"cgm:basic_bullet":127,"minecraft:skeleton_skull":1,"minecraft:water_bucket":1,"spartanshields:iron_tower_shield":1,"minecraft:wheat_seeds":2,"iceandfire:armor_copper_metal_chestplate":1,"minecraft:lead":1,"minecraft:cobblestone":10,"minecraft:copper_ingot":42,"treasure2:stone_key":1,"minecraft:torch":31,"iceandfire:dragon_skull_fire":1,"minecraft:raw_iron":43,"minecraft:light_gray_concrete":2,"minecraft:bundle":1,"minecraft:diamond_pickaxe":5,"spartanshields:copper_tower_shield":1,"minecraft:oak_sapling":8,"minecraft:brown_bed":1,"minecraft:wooden_pickaxe":1,"waystones:waystone":1},"minecraft:broken":{"spartanshields:copper_tower_shield":1,"minecraft:iron_boots":1,"minecraft:stone_pickaxe":7,"minecraft:stone_axe":1,"minecraft:iron_sword":1,"minecraft:stone_shovel":2,"iceandfire:armor_copper_metal_helmet":1,"minecraft:stone_sword":2,"iceandfire:armor_copper_metal_leggings":1,"minecraft:iron_pickaxe":4,"minecraft:iron_helmet":1},"minecraft:custom":{"minecraft:interact_with_crafting_table":88,"minecraft:leave_game":11,"minecraft:time_since_death":166397,"minecraft:sprint_one_cm":1340544,"minecraft:damage_blocked_by_shield":2810,"minecraft:drop":44,"minecraft:play_time":757675,"minecraft:deaths":8,"minecraft:jump":12598,"minecraft:walk_on_water_one_cm":134056,"minecraft:enchant_item":1,"minecraft:interact_with_furnace":135,"minecraft:sleep_in_bed":18,"minecraft:waystone_activated":7,"minecraft:damage_dealt":38257,"minecraft:crouch_one_cm":163129,"tombstone:undead_killed":117,"minecraft:horse_one_cm":8459,"minecraft:mob_kills":288,"minecraft:climb_one_cm":1412,"minecraft:walk_one_cm":1540280,"minecraft:sneak_time":64763,"minecraft:walk_under_water_one_cm":89322,"minecraft:boat_one_cm":5521,"minecraft:total_world_time":757675,"tombstone:raider_killed":6,"minecraft:interact_with_stonecutter":1,"minecraft:time_since_rest":8241,"minecraft:damage_taken":11680,"minecraft:trigger_trapped_chest":3,"minecraft:swim_one_cm":69595,"minecraft:fly_one_cm":2302342,"minecraft:open_chest":635,"minecraft:fall_one_cm":308677},"minecraft:mined":{"treasure2:compressor_chest":3,"iceandfire:graveyard_soil":1,"iceandfire:copper_pile":2,"minecraft:brewing_stand":1,"minecraft:granite":24,"minecraft:budding_amethyst":2,"minecraft:grass_block":41,"unusualprehistory:deepslate_fossil":6,"unusualprehistory:plant_fossil":20,"iceandfire:lectern":1,"minecraft:oxeye_daisy":3,"treasure2:skull_and_crossbones":1,"minecraft:iron_ore":119,"minecraft:cobbled_deepslate":9,"minecraft:fire":1,"minecraft:pumpkin":15,"minecraft:deepslate_lapis_ore":21,"minecraft:pointed_dripstone":4,"iceandfire:gold_pile":224,"unusualprehistory:stone_tar_fossil":3,"minecraft:deepslate_redstone_ore":3,"minecraft:medium_amethyst_bud":1,"minecraft:amethyst_cluster":2,"minecraft:torch":4,"minecraft:calcite":9,"minecraft:poppy":2,"minecraft:chest":4,"minecraft:cobblestone":11,"minecraft:sugar_cane":3,"minecraft:oak_planks":18,"minecraft:wall_torch":16,"minecraft:amethyst_block":5,"minecraft:deepslate_copper_ore":3,"minecraft:skeleton_skull":4,"unusualprehistory:stone_fossil":2,"minecraft:wither_rose":1,"minecraft:grass":109,"minecraft:oak_log":113,"minecraft:sand":316,"minecraft:dirt":80,"treasure2:deepslate_sapphire_ore":2,"minecraft:smooth_basalt":12,"minecraft:stonecutter":1,"unusualprehistory:splattered_tar":4,"minecraft:oak_leaves":13,"minecraft:deepslate":252,"minecraft:tuff":26,"iceandfire:silver_ore":13,"minecraft:deepslate_diamond_ore":3,"treasure2:wood_chest":1,"minecraft:glow_lichen":1,"treasure2:deepslate_ruby_ore":1,"iceandfire:deepslate_silver_ore":13,"iceandfire:chared_dirt":1,"minecraft:spruce_leaves":9,"minecraft:sandstone":6,"minecraft:large_fern":7,"minecraft:furnace":7,"minecraft:andesite":208,"treasure2:crystal_skull_chest":1,"minecraft:gold_block":1,"minecraft:bookshelf":12,"minecraft:potatoes":2,"minecraft:deepslate_iron_ore":69,"minecraft:vine":3,"minecraft:stone":781,"iceandfire:podium_spruce":1,"minecraft:white_wool":40,"iceandfire:pixie_jar_empty":2,"unusualprehistory:deepslate_plant_fossil":9,"minecraft:crafting_table":4,"minecraft:cornflower":1,"minecraft:tall_grass":47,"minecraft:copper_ore":174,"minecraft:deepslate_coal_ore":4,"treasure2:viking_chest":8,"minecraft:lapis_ore":6,"minecraft:deepslate_gold_ore":41,"minecraft:diorite":135,"treasure2:cardboard_box":2,"treasure2:pirate_chest":1,"minecraft:sweet_berry_bush":16,"minecraft:birch_leaves":3,"unusualprehistory:tar":6,"minecraft:coal_ore":136,"iceandfire:silver_pile":3,"minecraft:gravel":10,"minecraft:dripstone_block":7,"minecraft:cobweb":24,"minecraft:polished_andesite":1,"minecraft:gold_ore":4,"minecraft:fern":1},"minecraft:picked_up":{"minecraft:iron_chestplate":1,"cgm:basic_bullet":597,"treasure2:viking_chest":8,"minecraft:prismarine_shard":3,"treasure2:iron_lock":1,"minecraft:lead":6,"minecraft:potion":1,"minecraft:wither_rose":1,"minecraft:brewing_stand":1,"minecraft:amethyst_block":5,"minecraft:string":42,"treasure2:pirate_chest":1,"minecraft:raw_copper":627,"treasure2:stone_key":2,"minecraft:gold_nugget":2408,"minecraft:cobbled_deepslate":268,"minecraft:calcite":9,"unusualprehistory:plant_fossil_item":29,"minecraft:iron_pickaxe":2,"alexsmobs:raccoon_tail":1,"iceandfire:dragonscales_red":9,"minecraft:furnace":7,"minecraft:iron_boots":1,"minecraft:stick":44,"iceandfire:armor_copper_metal_leggings":1,"minecraft:torch":168,"iceandfire:silver_ore":15,"minecraft:porkchop":35,"minecraft:pointed_dripstone":8,"tombstone:grave_dust":27,"minecraft:diorite":199,"minecraft:goat_horn":1,"minecraft:rotten_flesh":59,"iceandfire:fire_dragon_heart":3,"minecraft:iron_block":50,"alexsmobs:lobster_tail":1,"minecraft:cobblestone":1246,"minecraft:feather":21,"minecraft:cooked_beef":16,"minecraft:water_bucket":1,"minecraft:andesite":301,"minecraft:brown_wool":1,"minecraft:potato":196,"alexsmobs:bison_fur":14,"minecraft:tuff":26,"iceandfire:dragonscales_bronze":13,"alexsmobs:rocky_shell":1,"minecraft:lapis_lazuli":192,"minecraft:dirt":234,"treasure2:crystal_skull_chest":1,"minecraft:light_gray_concrete_powder":1,"minecraft:bone":33,"minecraft:stonecutter":1,"minecraft:bow":4,"minecraft:wheat_seeds":26,"minecraft:raw_gold":45,"minecraft:oak_planks":18,"iceandfire:podium_spruce":1,"iceandfire:dragon_skull_fire":5,"iceandfire:shiny_scales":4,"minecraft:sand":316,"minecraft:bundle":2,"cgm:pistol":1,"minecraft:light_gray_concrete":2,"minecraft:polished_andesite":1,"minecraft:diamond":3,"iceandfire:lectern":1,"waystones:waystone":6,"treasure2:cardboard_box":2,"minecraft:bone_meal":166,"minecraft:granite":33,"treasure2:sapphire":2,"minecraft:golden_apple":5,"minecraft:emerald":1,"alexsmobs:maggot":3,"minecraft:oak_sapling":46,"iceandfire:silver_nugget":10,"minecraft:diamond_pickaxe":5,"treasure2:stone_lock":1,"minecraft:crafting_table":4,"treasure2:leaf_lock":1,"minecraft:chicken":16,"minecraft:clay_ball":1,"minecraft:leather_leggings":1,"minecraft:gold_block":1,"minecraft:brick":1,"minecraft:cornflower":1,"iceandfire:ghost_ingot":1,"cgm:weighted_stock":1,"iceandfire:graveyard_soil":1,"unusualprehistory:paleo_fossil":6,"treasure2:ruby":1,"minecraft:beef":109,"minecraft:poppy":2,"minecraft:chest":4,"minecraft:sugar_cane":7,"minecraft:egg":4,"unusualprehistory:tar_fossil_item":7,"treasure2:copper_short_sword":1,"minecraft:raw_iron":213,"minecraft:sandstone":6,"iceandfire:dragonbone":21,"iceandfire:dragonscales_gray":18,"minecraft:copper_ingot":28,"treasure2:pilferers_lock_pick":1,"iceandfire:armor_copper_metal_boots":1,"treasure2:compressor_chest":3,"minecraft:redstone":14,"treasure2:wood_chest":1,"minecraft:prismarine_crystals":7,"minecraft:arrow":44,"minecraft:cooked_cod":2,"iceandfire:chared_dirt":1,"minecraft:saddle":1,"iceandfire:deepslate_silver_ore":13,"minecraft:mutton":40,"minecraft:skeleton_skull":4,"minecraft:white_wool":72,"minecraft:oxeye_daisy":2,"treasure2:chipped_copper_short_sword":1,"minecraft:glow_ink_sac":1,"minecraft:leather":20,"minecraft:music_disc_stal":1,"minecraft:oak_log":113,"iceandfire:ectoplasm":9,"minecraft:golden_boots":1,"minecraft:gunpowder":25,"iceandfire:armor_copper_metal_helmet":1,"tombstone:gift":1,"minecraft:apple":4,"iceandfire:pixie_jar_empty":2,"minecraft:stone_pickaxe":1,"minecraft:iron_ingot":125,"tombstone:bag_of_seeds":1,"minecraft:glass_bottle":1,"iceandfire:fire_dragon_flesh":9,"minecraft:book":36,"iceandfire:copper_nugget":14,"minecraft:smooth_basalt":12,"minecraft:sweet_berries":40,"minecraft:pumpkin":15,"minecraft:dandelion":1,"minecraft:dripstone_block":7,"minecraft:gravel":23,"cgm:specialised_grip":1,"minecraft:amethyst_shard":8,"minecraft:spruce_sapling":1,"minecraft:white_bed":1,"minecraft:spider_eye":6,"treasure2:copper_coin":2,"minecraft:iron_helmet":2,"tombstone:magic_scroll":2,"minecraft:black_wool":3,"minecraft:melon_seeds":3,"minecraft:coal":197,"unusualprehistory:mezo_fossil":2},"minecraft:used":{"iceandfire:lectern":1,"treasure2:wood_chest":1,"treasure2:viking_chest":8,"treasure2:pirate_chest":2,"minecraft:chest":20,"minecraft:iron_sword":504,"minecraft:iron_chestplate":1,"minecraft:tuff":22,"treasure2:crystal_skull_chest":1,"minecraft:furnace":25,"minecraft:skeleton_skull":4,"minecraft:egg":1,"minecraft:potato":70,"iceandfire:pixie_jar_empty":1,"minecraft:diorite":59,"easyhammers:stone_hammer":81,"minecraft:stone_pickaxe":918,"minecraft:oak_planks":4,"minecraft:wooden_pickaxe":3,"minecraft:sandstone":3,"minecraft:glow_berries":15,"iceandfire:podium_spruce":1,"minecraft:sand":2,"minecraft:dripstone_block":7,"minecraft:shears":40,"waystones:waystone":4,"minecraft:gravel":2,"globalxp:xp_block":1,"iceandfire:dragon_skull_fire":4,"minecraft:andesite":129,"minecraft:bone_meal":180,"minecraft:cobweb":14,"minecraft:oak_fence":1,"minecraft:stone_sword":360,"iceandfire:armor_copper_metal_leggings":1,"minecraft:stone_shovel":307,"minecraft:oak_door":2,"minecraft:torch":181,"iceandfire:silver_ore":1,"iceandfire:armor_copper_metal_boots":1,"minecraft:brewing_stand":1,"minecraft:dirt":163,"minecraft:granite":4,"treasure2:compressor_chest":3,"iceandfire:armor_copper_metal_helmet":1,"tombstone:gift":10,"minecraft:cooked_beef":63,"minecraft:cobbled_deepslate":149,"minecraft:iron_leggings":1,"minecraft:water_bucket":30,"cgm:pistol":555,"minecraft:polished_andesite":1,"minecraft:baked_potato":120,"minecraft:stonecutter":1,"spartanshields:iron_tower_shield":40,"iceandfire:chared_dirt":1,"treasure2:cardboard_box":2,"minecraft:crafting_table":12,"minecraft:white_bed":1,"minecraft:light_gray_concrete_powder":1,"tombstone:bag_of_seeds":2,"minecraft:apple":1,"minecraft:iron_pickaxe":1196,"iceandfire:graveyard_soil":1,"spartanshields:copper_tower_shield":91,"minecraft:stone_axe":178,"minecraft:cobblestone":293,"minecraft:porkchop":2,"minecraft:cooked_porkchop":1,"minecraft:bucket":31}},"DataVersion":3120}