{"stats":{"minecraft:killed_by":{"iceandfire:cyclops":1,"minecraft:creeper":2,"alexsmobs:crocodile":1,"iceandfire:fire_dragon":4},"minecraft:crafted":{"minecraft:oak_planks":332,"globalxp:xp_block":1,"treasure2:ruby_key":1,"minecraft:cooked_chicken":10,"spartanshields:wooden_tower_shield":4,"usefulbackpacks:backpack_small":2,"minecraft:stone":2,"minecraft:diamond_shovel":1,"minecraft:iron_bars":16,"minecraft:glass":0,"iceandfire:armor_green_helmet":1,"iceandfire:armor_copper_metal_chestplate":2,"minecraft:chest":18,"minecraft:oak_button":1,"easyhammers:obsidian_hammer":1,"minecraft:oak_fence":3,"treasure2:sapphire_key":1,"treasure2:treasure_tool":2,"minecraft:cooked_porkchop":3,"minecraft:crafting_table":9,"minecraft:spruce_planks":712,"spartanshields:iron_tower_shield":2,"minecraft:wooden_pickaxe":1,"minecraft:baked_potato":174,"minecraft:spruce_door":3,"minecraft:brown_bed":1,"minecraft:copper_ingot":81,"minecraft:birch_planks":20,"iceandfire:armor_green_chestplate":1,"rechiseled:chisel":2,"minecraft:stick":56,"usefulbackpacks:backpack_large":3,"minecraft:iron_ingot":144,"minecraft:iron_pickaxe":2,"minecraft:stone_sword":3,"minecraft:gold_ingot":80,"easyhammers:stone_hammer":1,"minecraft:light_gray_dye":1,"minecraft:shears":2,"unusualprehistory:encyclopedia":1,"minecraft:oak_door":3,"minecraft:coal":9,"minecraft:stone_shovel":3,"iceandfire:armor_green_leggings":1,"minecraft:iron_nugget":18,"treasure2:topaz_key":1,"minecraft:furnace":27,"minecraft:bone_meal":30,"minecraft:pink_dye":2,"minecraft:flint_and_steel":1,"minecraft:leather":22,"spartanshields:copper_tower_shield":2,"minecraft:stone_pickaxe":6,"usefulbackpacks:backpack_medium":2,"minecraft:cooked_beef":83,"minecraft:red_dye":1,"minecraft:iron_sword":2,"iceandfire:pixie_jar_empty":5,"minecraft:bucket":1,"minecraft:stone_axe":2,"minecraft:glowstone":4,"minecraft:air":0,"minecraft:jungle_planks":40,"treasure2:pilferers_lock_pick":4,"minecraft:blue_dye":1,"minecraft:white_wool":4,"minecraft:white_dye":6,"minecraft:brown_wool":3,"minecraft:iron_leggings":1,"minecraft:white_bed":15,"minecraft:torch":48,"iceandfire:armor_green_boots":1},"minecraft:killed":{"alexsmobs:lobster":1,"minecraft:cave_spider":3,"minecraft:witch":1,"minecraft:spider":25,"minecraft:skeleton":57,"minecraft:chicken":16,"alexsmobs:straddler":1,"minecraft:skeleton_horse":1,"minecraft:magma_cube":15,"minecraft:piglin":1,"minecraft:pig":17,"alexsmobs:grizzly_bear":1,"minecraft:iron_golem":2,"minecraft:strider":1,"minecraft:creeper":39,"alexsmobs:crimson_mosquito":3,"minecraft:sheep":29,"minecraft:pillager":16,"minecraft:zombie":74,"alexsmobs:cachalot_whale":1,"alexsmobs:terrapin":1,"minecraft:ghast":1,"mca:male_villager":1,"alexsmobs:fly":2,"iceandfire:pixie":4,"minecraft:cow":20,"iceandfire:sea_serpent":1,"mca:male_zombie_villager":1,"alexsmobs:raccoon":3,"minecraft:vindicator":4,"alexsmobs:seagull":1,"alexsmobs:blue_jay":1,"iceandfire:fire_dragon":4,"iceandfire:siren":2,"alexsmobs:bison":11,"alexsmobs:rocky_roller":1,"treasure2:bound_soul":3,"minecraft:bat":1,"minecraft:ravager":1,"alexsmobs:crocodile":1,"iceandfire:ghost":23,"unusualprehistory:sludge":1,"alexsmobs:crow":2,"mca:female_villager":1,"minecraft:enderman":8},"minecraft:dropped":{"minecraft:cooked_beef":2,"minecraft:oak_log":1,"minecraft:baked_potato":18,"minecraft:cooked_porkchop":2,"treasure2:jewelled_key":1,"iceandfire:ash":1,"minecraft:sand":298,"minecraft:iron_pickaxe":1,"minecraft:white_wool":4,"minecraft:gray_dye":2,"treasure2:topaz_key":1,"usefulbackpacks:backpack_large":1,"minecraft:goat_horn":1,"treasure2:ruby_key":1,"alexsmobs:crocodile_egg":2,"cgm:machine_pistol":1,"easyhammers:obsidian_hammer":1,"cgm:basic_bullet":127,"minecraft:skeleton_skull":1,"rechiseled:chisel":1,"treasure2:oathbringer":1,"minecraft:water_bucket":1,"spartanshields:iron_tower_shield":1,"minecraft:wheat_seeds":2,"iceandfire:armor_copper_metal_chestplate":1,"minecraft:cobblestone":10,"minecraft:lead":1,"iceandfire:sea_serpent_scales_green":24,"minecraft:copper_ingot":42,"treasure2:stone_key":1,"minecraft:stick":1,"unusualprehistory:encyclopedia":1,"minecraft:torch":31,"iceandfire:dragon_skull_fire":1,"minecraft:raw_iron":43,"minecraft:light_gray_concrete":2,"minecraft:bundle":1,"minecraft:diamond_pickaxe":5,"spartanshields:copper_tower_shield":1,"minecraft:oak_sapling":8,"minecraft:brown_bed":1,"treasure2:sapphire_key":1,"minecraft:wooden_pickaxe":1,"waystones:waystone":1,"iceandfire:sea_serpent_fang":10},"minecraft:broken":{"spartanshields:copper_tower_shield":1,"minecraft:iron_boots":1,"minecraft:iron_chestplate":1,"minecraft:iron_leggings":1,"minecraft:stone_pickaxe":7,"minecraft:stone_axe":1,"minecraft:iron_sword":2,"minecraft:stone_shovel":2,"iceandfire:armor_copper_metal_helmet":1,"minecraft:stone_sword":2,"iceandfire:armor_copper_metal_leggings":1,"minecraft:iron_pickaxe":6,"minecraft:iron_helmet":1},"minecraft:custom":{"minecraft:interact_with_crafting_table":111,"minecraft:open_shulker_box":1,"minecraft:bell_ring":1,"minecraft:leave_game":14,"minecraft:time_since_death":299153,"minecraft:sprint_one_cm":2272102,"minecraft:damage_blocked_by_shield":2925,"minecraft:drop":64,"minecraft:talked_to_villager":1,"minecraft:play_time":1147243,"minecraft:deaths":10,"minecraft:jump":18642,"minecraft:walk_on_water_one_cm":169002,"minecraft:enchant_item":3,"minecraft:interact_with_furnace":145,"minecraft:sleep_in_bed":30,"minecraft:waystone_activated":17,"minecraft:damage_dealt":51547,"minecraft:crouch_one_cm":239437,"tombstone:undead_killed":159,"tombstone:villager_killed":2,"minecraft:inspect_dispenser":2,"minecraft:horse_one_cm":8459,"minecraft:mob_kills":407,"minecraft:climb_one_cm":5605,"minecraft:walk_one_cm":2394745,"minecraft:raid_win":1,"minecraft:sneak_time":86447,"minecraft:walk_under_water_one_cm":103826,"minecraft:boat_one_cm":5521,"minecraft:interact_with_blast_furnace":1,"minecraft:total_world_time":1147243,"tombstone:raider_killed":22,"minecraft:raid_trigger":1,"minecraft:interact_with_stonecutter":1,"minecraft:time_since_rest":6996,"minecraft:damage_taken":17094,"minecraft:trigger_trapped_chest":4,"minecraft:swim_one_cm":107307,"minecraft:fly_one_cm":3566253,"minecraft:open_chest":1026,"minecraft:fall_one_cm":505491},"minecraft:picked_up":{"minecraft:iron_chestplate":1,"minecraft:wheat":2,"cgm:basic_bullet":1012,"minecraft:anvil":1,"minecraft:prismarine_shard":3,"treasure2:viking_chest":10,"treasure2:iron_lock":2,"minecraft:smithing_table":1,"minecraft:lead":6,"minecraft:brown_bed":1,"minecraft:wither_rose":1,"minecraft:potion":4,"minecraft:brewing_stand":4,"minecraft:amethyst_block":5,"minecraft:string":51,"treasure2:pirate_chest":5,"cgm:machine_pistol":2,"minecraft:raw_copper":627,"minecraft:black_shulker_box":1,"alexsmobs:blood_sac":2,"treasure2:stone_key":2,"minecraft:gold_nugget":3956,"minecraft:cobbled_deepslate":272,"treasure2:gold_lock":1,"minecraft:calcite":9,"unusualprehistory:plant_fossil_item":30,"minecraft:iron_pickaxe":2,"alexsmobs:raccoon_tail":2,"iceandfire:dragonscales_red":9,"minecraft:iron_boots":1,"minecraft:furnace":7,"iceandfire:pixie_dust":3,"minecraft:stick":50,"iceandfire:armor_copper_metal_leggings":1,"treasure2:cauldron_chest":1,"minecraft:torch":169,"iceandfire:pixie_house_mushroom_brown":2,"iceandfire:silver_ore":15,"minecraft:porkchop":39,"minecraft:pointed_dripstone":8,"tombstone:grave_dust":33,"minecraft:diorite":214,"minecraft:goat_horn":1,"cgm:medium_scope":1,"minecraft:stone_sword":1,"minecraft:rotten_flesh":79,"iceandfire:fire_dragon_heart":5,"minecraft:iron_block":50,"alexsmobs:lobster_tail":1,"minecraft:cobblestone":1438,"minecraft:birch_log":5,"minecraft:feather":25,"minecraft:cooked_beef":17,"minecraft:andesite":321,"minecraft:water_bucket":1,"minecraft:brown_wool":1,"minecraft:potato":197,"alexsmobs:bear_fur":1,"alexsmobs:bison_fur":14,"minecraft:tuff":26,"alexsmobs:rocky_shell":1,"minecraft:lapis_lazuli":192,"minecraft:dirt":508,"iceandfire:dragonscales_bronze":13,"treasure2:crystal_skull_chest":3,"minecraft:light_gray_concrete_powder":1,"minecraft:twisting_vines":1,"minecraft:bone":54,"minecraft:stonecutter":1,"minecraft:bow":5,"minecraft:warped_hyphae":47,"minecraft:wheat_seeds":45,"minecraft:raw_gold":45,"minecraft:grindstone":1,"rechiseled:chisel":1,"minecraft:glowstone_dust":100,"minecraft:oak_planks":18,"minecraft:stone_hoe":1,"iceandfire:podium_spruce":3,"iceandfire:dragonscales_sapphire":8,"minecraft:warped_wart_block":2,"iceandfire:pixie_house_birch":1,"alexsmobs:crocodile_egg":5,"iceandfire:dragon_skull_fire":6,"iceandfire:shiny_scales":4,"minecraft:sand":327,"minecraft:ink_sac":6,"minecraft:trapped_chest":1,"minecraft:mossy_cobblestone":3,"minecraft:bundle":2,"cgm:pistol":2,"minecraft:light_gray_concrete":2,"minecraft:polished_andesite":1,"minecraft:dispenser":1,"minecraft:diamond":3,"iceandfire:lectern":1,"waystones:waystone":19,"treasure2:cardboard_box":2,"minecraft:crossbow":1,"minecraft:granite":40,"treasure2:sapphire":2,"minecraft:bone_meal":166,"minecraft:golden_apple":5,"minecraft:emerald":3,"alexsmobs:maggot":3,"minecraft:oak_sapling":50,"minecraft:netherrack":99,"iceandfire:silver_nugget":114,"minecraft:diamond_pickaxe":5,"treasure2:stone_lock":1,"treasure2:dread_pirate_chest":4,"minecraft:crafting_table":4,"treasure2:leaf_lock":3,"minecraft:chicken":16,"easyhammers:obsidian_hammer":1,"minecraft:clay_ball":1,"minecraft:leather_leggings":1,"minecraft:gold_block":1,"minecraft:brick":1,"minecraft:cornflower":1,"iceandfire:ghost_ingot":1,"cgm:weighted_stock":1,"iceandfire:graveyard_soil":1,"iceandfire:bestiary":1,"unusualprehistory:paleo_fossil":6,"treasure2:ruby":1,"minecraft:beef":109,"rechiseled:spruce_planks_large_tiles":1,"minecraft:poppy":2,"minecraft:sugar_cane":36,"minecraft:chest":6,"minecraft:birch_sapling":2,"iceandfire:ice_dragon_heart":1,"minecraft:egg":6,"iceandfire:dragonscales_gray":18,"unusualprehistory:tar_fossil_item":8,"treasure2:copper_short_sword":1,"minecraft:raw_iron":287,"minecraft:sandstone":13,"iceandfire:dragonbone":30,"iceandfire:dragonscales_green":22,"minecraft:copper_ingot":28,"treasure2:pilferers_lock_pick":1,"rechiseled:glowstone_large_tiles":4,"iceandfire:armor_copper_metal_boots":1,"treasure2:compressor_chest":4,"minecraft:redstone":17,"treasure2:wood_chest":2,"minecraft:prismarine_crystals":7,"iceandfire:dragon_skull_ice":2,"minecraft:arrow":64,"minecraft:stone_shovel":1,"minecraft:cooked_cod":2,"iceandfire:chared_dirt":1,"minecraft:saddle":1,"iceandfire:deepslate_silver_ore":13,"minecraft:mutton":40,"minecraft:skeleton_skull":4,"minecraft:white_wool":72,"minecraft:oxeye_daisy":2,"iceandfire:pixie_jar_4":4,"treasure2:chipped_copper_short_sword":1,"iceandfire:sea_serpent_fang":10,"minecraft:glow_ink_sac":1,"minecraft:leather":20,"minecraft:music_disc_stal":1,"minecraft:oak_log":115,"iceandfire:ectoplasm":9,"iceandfire:pixie_jar_2":4,"iceandfire:pixie_jar_1":2,"minecraft:golden_boots":1,"minecraft:gunpowder":34,"iceandfire:pixie_jar_3":2,"iceandfire:armor_copper_metal_helmet":1,"alexsmobs:mosquito_proboscis":1,"minecraft:paper":1,"tombstone:gift":1,"minecraft:white_banner":2,"iceandfire:pixie_house_mushroom_red":3,"rechiseled:cobblestone_tiles":2,"minecraft:apple":4,"iceandfire:pixie_jar_empty":11,"unusualprehistory:permafrost":4,"minecraft:warped_stem":2,"minecraft:iron_ingot":125,"minecraft:stone_pickaxe":1,"tombstone:bag_of_seeds":2,"minecraft:glass_bottle":1,"treasure2:skull_chest":1,"iceandfire:fire_dragon_flesh":13,"minecraft:book":36,"minecraft:smooth_basalt":12,"iceandfire:copper_nugget":14,"minecraft:warped_fungus":3,"minecraft:pumpkin":15,"minecraft:sweet_berries":47,"iceandfire:sea_serpent_scales_green":24,"iceandfire:ash":1,"minecraft:quartz":4,"minecraft:dandelion":1,"minecraft:dripstone_block":7,"minecraft:gravel":25,"cgm:specialised_grip":1,"minecraft:amethyst_shard":44,"treasure2:ruby_key":1,"minecraft:spruce_sapling":5,"minecraft:white_bed":22,"minecraft:spruce_log":1,"minecraft:spider_eye":9,"treasure2:copper_coin":2,"treasure2:ironbound_chest":2,"iceandfire:pixie_house_spruce":1,"minecraft:stone_axe":1,"minecraft:iron_helmet":2,"minecraft:warped_roots":3,"minecraft:baked_potato":5,"tombstone:magic_scroll":5,"minecraft:melon_seeds":3,"minecraft:black_wool":3,"minecraft:warped_nylium":3,"minecraft:coal":202,"unusualprehistory:mezo_fossil":2,"minecraft:ender_pearl":3},"minecraft:mined":{"minecraft:black_shulker_box":1,"treasure2:compressor_chest":4,"unusualprehistory:permafrost":5,"rechiseled:spruce_planks_large_tiles":1,"minecraft:white_bed":21,"iceandfire:graveyard_soil":1,"iceandfire:copper_pile":2,"minecraft:brewing_stand":4,"minecraft:granite":31,"minecraft:budding_amethyst":2,"minecraft:grass_block":282,"unusualprehistory:deepslate_fossil":6,"unusualprehistory:plant_fossil":20,"iceandfire:lectern":1,"iceandfire:pixie_jar_4":2,"minecraft:oxeye_daisy":3,"minecraft:spawner":1,"treasure2:cauldron_chest":1,"treasure2:skull_and_crossbones":1,"minecraft:glowstone":37,"iceandfire:pixie_jar_3":1,"minecraft:iron_ore":136,"minecraft:fire":7,"minecraft:cobbled_deepslate":9,"minecraft:pumpkin":15,"minecraft:anvil":1,"minecraft:deepslate_lapis_ore":21,"alexsmobs:crocodile_egg":1,"minecraft:brown_bed":1,"minecraft:pointed_dripstone":4,"iceandfire:gold_pile":363,"minecraft:dirt_path":2,"iceandfire:pixie_house_spruce":1,"minecraft:azalea_leaves":1,"unusualprehistory:stone_tar_fossil":4,"treasure2:skull_chest":1,"minecraft:deepslate_redstone_ore":3,"minecraft:twisting_vines_plant":1,"minecraft:medium_amethyst_bud":1,"minecraft:amethyst_cluster":6,"minecraft:powder_snow":10,"minecraft:torch":4,"minecraft:calcite":9,"minecraft:poppy":2,"minecraft:chest":6,"treasure2:dread_pirate_chest":4,"minecraft:cobblestone":16,"minecraft:grindstone":1,"minecraft:oak_planks":18,"minecraft:sugar_cane":18,"minecraft:wall_torch":17,"minecraft:amethyst_block":5,"minecraft:deepslate_copper_ore":3,"minecraft:skeleton_skull":4,"minecraft:birch_log":5,"unusualprehistory:stone_fossil":2,"minecraft:wither_rose":1,"minecraft:grass":153,"minecraft:oak_log":113,"minecraft:sand":327,"minecraft:dirt":111,"minecraft:smooth_basalt":12,"treasure2:deepslate_sapphire_ore":2,"minecraft:dispenser":1,"minecraft:stonecutter":1,"minecraft:netherrack":67,"minecraft:deepslate":256,"unusualprehistory:splattered_tar":6,"minecraft:oak_leaves":24,"minecraft:tuff":26,"iceandfire:silver_ore":13,"minecraft:mossy_cobblestone":3,"minecraft:deepslate_diamond_ore":3,"iceandfire:pixie_house_birch":1,"treasure2:wood_chest":2,"minecraft:glow_lichen":1,"treasure2:deepslate_ruby_ore":1,"minecraft:redstone_wire":1,"iceandfire:deepslate_silver_ore":13,"iceandfire:chared_dirt":1,"minecraft:spruce_leaves":20,"minecraft:sandstone":13,"minecraft:large_fern":20,"minecraft:furnace":7,"minecraft:andesite":228,"treasure2:crystal_skull_chest":3,"minecraft:gold_block":1,"minecraft:bookshelf":12,"minecraft:potatoes":2,"minecraft:deepslate_iron_ore":83,"minecraft:vine":3,"minecraft:warped_stem":2,"minecraft:stone":935,"iceandfire:podium_spruce":3,"rechiseled:cobblestone_tiles":2,"minecraft:white_wool":40,"iceandfire:pixie_jar_empty":2,"minecraft:podzol":8,"minecraft:smithing_table":1,"unusualprehistory:deepslate_plant_fossil":9,"minecraft:glass_pane":1,"minecraft:crafting_table":4,"minecraft:cornflower":1,"iceandfire:pixie_house_mushroom_brown":2,"minecraft:gray_stained_glass":1,"minecraft:warped_roots":1,"minecraft:copper_ore":174,"minecraft:tall_grass":79,"minecraft:deepslate_coal_ore":4,"treasure2:viking_chest":10,"minecraft:lapis_ore":6,"minecraft:deepslate_gold_ore":41,"minecraft:diorite":149,"treasure2:cardboard_box":2,"treasure2:pirate_chest":5,"iceandfire:pixie_jar_1":1,"iceandfire:pixie_jar_2":2,"treasure2:ironbound_chest":2,"minecraft:sweet_berry_bush":16,"minecraft:birch_leaves":9,"iceandfire:pixie_house_mushroom_red":3,"unusualprehistory:tar":6,"minecraft:warped_hyphae":2,"minecraft:coal_ore":138,"iceandfire:silver_pile":11,"minecraft:gravel":12,"minecraft:dripstone_block":7,"minecraft:cobweb":24,"minecraft:polished_andesite":1,"minecraft:gold_ore":4,"minecraft:fern":3},"minecraft:used":{"iceandfire:lectern":1,"treasure2:ironbound_chest":2,"treasure2:viking_chest":10,"treasure2:wood_chest":2,"treasure2:pirate_chest":6,"cgm:machine_pistol":590,"iceandfire:dragon_skull_ice":2,"minecraft:chest":22,"minecraft:iron_sword":726,"minecraft:iron_chestplate":2,"minecraft:tuff":22,"treasure2:crystal_skull_chest":3,"minecraft:warped_hyphae":2,"minecraft:warped_nylium":1,"minecraft:golden_sword":34,"minecraft:oak_sapling":1,"minecraft:furnace":25,"minecraft:skeleton_skull":4,"minecraft:egg":2,"minecraft:potato":70,"iceandfire:pixie_jar_empty":1,"minecraft:diorite":61,"minecraft:spruce_door":2,"easyhammers:stone_hammer":81,"minecraft:stone_pickaxe":918,"minecraft:oak_planks":4,"minecraft:wooden_pickaxe":3,"minecraft:sandstone":10,"easyhammers:obsidian_hammer":9,"minecraft:glow_berries":15,"iceandfire:podium_spruce":3,"minecraft:sand":13,"minecraft:dripstone_block":7,"minecraft:shears":40,"waystones:waystone":12,"minecraft:gravel":4,"globalxp:xp_block":1,"unusualprehistory:encyclopedia":5,"iceandfire:dragon_skull_fire":5,"minecraft:andesite":129,"minecraft:smithing_table":1,"minecraft:bone_meal":180,"minecraft:cobweb":14,"minecraft:oak_fence":1,"minecraft:stone_sword":452,"rechiseled:glowstone_brick_pattern":4,"minecraft:flint_and_steel":1,"iceandfire:armor_copper_metal_leggings":1,"minecraft:stone_shovel":436,"treasure2:dread_pirate_chest":4,"minecraft:netherrack":67,"minecraft:oak_door":2,"minecraft:torch":187,"iceandfire:silver_ore":1,"iceandfire:armor_copper_metal_boots":1,"minecraft:brewing_stand":4,"minecraft:dirt":321,"minecraft:anvil":1,"iceandfire:pixie_dust":1,"minecraft:twisting_vines":1,"minecraft:granite":8,"treasure2:compressor_chest":4,"rechiseled:spruce_planks_large_tiles":136,"treasure2:cauldron_chest":1,"iceandfire:armor_copper_metal_helmet":1,"iceandfire:pixie_jar_1":1,"tombstone:gift":12,"minecraft:cooked_beef":97,"minecraft:cobbled_deepslate":153,"minecraft:brown_bed":1,"minecraft:iron_leggings":1,"iceandfire:pixie_jar_3":1,"minecraft:water_bucket":36,"minecraft:warped_stem":2,"minecraft:birch_planks":20,"cgm:pistol":757,"minecraft:polished_andesite":1,"minecraft:baked_potato":201,"rechiseled:cobblestone_tiles":172,"minecraft:black_shulker_box":1,"minecraft:stonecutter":1,"iceandfire:chared_dirt":1,"spartanshields:iron_tower_shield":48,"minecraft:mossy_cobblestone":3,"treasure2:cardboard_box":2,"minecraft:crafting_table":12,"minecraft:white_bed":36,"minecraft:light_gray_concrete_powder":1,"iceandfire:pixie_jar_4":2,"iceandfire:pixie_jar_2":2,"rechiseled:cobblestone_large_squares":63,"tombstone:bag_of_seeds":4,"minecraft:diamond_pickaxe":159,"minecraft:apple":1,"minecraft:diamond_shovel":94,"minecraft:iron_pickaxe":1505,"alexsmobs:crocodile_egg":1,"iceandfire:graveyard_soil":1,"spartanshields:copper_tower_shield":91,"minecraft:stone_axe":178,"minecraft:cobblestone":355,"minecraft:porkchop":2,"minecraft:cooked_porkchop":1,"minecraft:bucket":37,"minecraft:sculk_vein":3}},"DataVersion":3120}